name	qty	note	added_at
Adamant Will	1		2026-09-27
Ancestral Blade	1		2026-09-27
Ancient Animus	1		2026-09-18
Angelic Gift	1		2026-09-18
Anticipate	1		2026-09-27
Bagel and Schmear	1		2026-09-27
Bargaining Table	1	sideboard fisico; informado 2026-08-21	2026-08-22
Basri Ket	1		2026-09-27
Basri's Solidarity	1		2026-09-27
Belladonna Took	1		2026-09-27
Beorn's Hospitality	1		2026-09-18
Beorn, Reluctant Host // Till and Tend	1		2026-09-18
Bident of Thassa	1		2026-09-18
Bogardan Lancer	1		2026-09-18
Bombard	1	sideboard fisico; informado 2026-08-21	2026-08-22
Bond of Discipline	1		2026-09-27
Boros Locket	1		2026-09-18
Breeches, Eager Pillager	1		2026-09-18
Budding Insurgent	1		2026-09-27
Campus Crier	1		2026-09-27
Cargo Ship	1	maybeboard	2026-08-13
Charge the Sanctum	1		2026-09-27
Commander's Sphere	1		2026-09-18
Compel Brutality	1		2026-09-27
Courage in Crisis	1		2026-09-18
Crash Through	1		2026-09-18
Culling Dais	1		2026-09-18
Darksteel Reactor	1	maybeboard	2026-08-13
Defend the Hearth	3		2026-09-27
Dependable Quinjet	1		2026-09-27
Destructive Tampering	1		2026-09-18
Dimir Guildgate	1	separada p/ Satoru	2026-09-27
Disdainful Stroke	1		2026-09-27
Disenchant	1		2026-09-27
Dismal Backwater	1	separada p/ Satoru	2026-09-27
Disruption Protocol	1		2026-09-18
Diversion Unit	1	maybeboard	2026-08-13
Djeru's Renunciation	1		2026-09-27
Dream Twist	1		2026-09-27
Eagle's Rescue	1		2026-09-18
Eardrum Rattler	1		2026-09-27
Elite Interceptor // Rejoinder	1		2026-09-27
Elrond, Moon-Reader	1		2026-09-18
Emerge from the Cocoon	1		2026-09-18
Evolving Wilds	1	separada p/ Satoru	2026-09-27
Experimental Augury	1	maybeboard	2026-08-13
Expose to Daylight	1		2026-09-27
Extended Absence	1		2026-09-27
Feat of Resistance	1		2026-09-27
Fireborn Knight	1		2026-09-27
Fog	3		2026-09-27
Fog Bank	1		2026-09-27
Fulminous Forte	1		2026-09-27
Gideon's Triumph	1		2026-09-27
Goblin Surprise	1		2026-09-27
Greenhouse Propagator	1		2026-09-27
Grumgully, the Generous	1		2026-09-18
H.E.R.B.I.E. Scout Unit	1		2026-09-27
Hedron Crawler	1	maybeboard; pt-br: Rastejador Édrico	2026-08-13
Hexhaven Battalion	1		2026-09-27
Hexhaven Dueling Arena	1	separada p/ Satoru	2026-09-27
Honored Crop-Captain	1		2026-09-27
Hydraulic Helper	1		2026-09-27
I Am Iron Man	1		2026-09-27
Innocent Bystander	1		2026-09-27
Inspiring Captain	1		2026-09-27
Inspiring Roar	1		2026-09-27
Inspiring Veteran	1		2026-09-27
Into the Roil	1		2026-09-27
Invigorating Hot Spring	1		2026-09-18
Invoke the Divine	1		2026-09-27
Jor Kadeen, the Prevailer	1		2026-09-27
Knight Luminary	1		2026-09-27
Knight of Sorrows	1		2026-09-27
Knight Watch	1		2026-09-18
Kwende, Pride of Femeref	1		2026-09-27
Late to Dinner	1		2026-09-27
Leonin Abunas	1		2026-09-18
Leonin Bola	1	sideboard fisico; informado 2026-08-21	2026-08-22
Lightning Volley	1		2026-09-18
Liquimetal Coating	1	sideboard fisico; informado 2026-08-21	2026-08-22
Loot, the Nexus	1		2026-09-27
Lull	3		2026-09-27
Lux Artillery	1		2026-09-18
Lux Cannon	1		2026-09-18
Luxknight Breacher	1		2026-09-27
Magnifying Glass	1		2026-09-18
Manalith	1		2026-09-18
Master's Councillors	1		2026-09-18
Melded Moxite	1	maybeboard	2026-08-13
Mindseeker Oculus	1		2026-09-27
Mocking Sprite	1		2026-09-27
Moment of Glory	1		2026-09-18
Moss Diamond	1		2026-09-18
Moxite Refinery	1	maybeboard	2026-08-13
Mycosynth Wellspring	1		2026-09-18
Negate	1	maybeboard	2026-08-13
Old Fat Spider Can't See Me	1	maybeboard	2026-08-13
Omni-Cheese Pizza	1		2026-09-27
Oracle's Vault	1	sideboard fisico; informado 2026-08-21	2026-08-22
Ori, Keeper of Songs	1		2026-09-18
Paladin Danse, Steel Maverick	1		2026-09-27
Panic Spellbomb	1	sideboard fisico; informado 2026-08-21	2026-08-22
Parhelion Patrol	1		2026-09-27
Passenger Ferry	1		2026-09-27
Patrolling Peacemaker	1	maybeboard	2026-08-13
Phyrexian Revoker	1	maybeboard; pt-br: Revogador Phyrexiano	2026-08-13
Pilgrim's Eye	1	maybeboard	2026-08-13
Pride of Conquerors	1		2026-09-27
Prophetic Prism	1		2026-09-18
Prudent Fateseer // Peer Review	1		2026-09-27
Puppet Crafting	1		2026-09-27
Quiet Contemplation	1		2026-09-27
Ragged Short Spear	1		2026-09-18
Raise the Alarm	1		2026-09-27
Rampart Hunter	1		2026-09-27
Reasonable Doubt	1		2026-09-27
Reconnaissance Mission	1		2026-09-18
Recruitment Officer	1		2026-09-27
Redcap Thief	1		2026-09-18
Remember the Fallen	1		2026-09-27
Return to Nature	1		2026-09-18
Reverse Engineer	1		2026-09-27
Road // Ruin	1		2026-09-18
Room of Refuge	1		2026-09-27
S.H.I.E.L.D. Spy Kit	1		2026-09-18
Sanctuary Lockdown	1		2026-09-27
Satoru Umezawa	1	separada p/ Satoru	2026-09-27
Scurry of Gremlins	1		2026-09-27
Seer's Lantern	1		2026-09-18
Sheriff of Safe Passage	1		2026-09-27
Shiny Impetus	1		2026-09-18
Shoulder to Shoulder	1		2026-09-27
Sinister Hideout	1	separada p/ Satoru	2026-09-27
Skullcrack	1		2026-09-18
Smaug's Fury	1		2026-09-18
Smaug, the Great Calamity // Spew Flame	1		2026-09-18
Smell Fear	1		2026-09-18
Sol Ring	1		2026-09-18
Somber Hoverguard	1	maybeboard	2026-08-13
Sphinx's Approach	1		2026-09-27
Spider-Bot	1		2026-09-27
Steel Wrecking Ball	1	sideboard fisico; informado 2026-08-21	2026-08-22
Stern Lesson	1		2026-09-27
Stoic Rebuttal	1		2026-09-18
Subway Train	1		2026-09-27
Swift Reckoning	1		2026-09-27
Syr Alin, the Lion's Claw	1		2026-09-27
Syr Carah, the Bold	1		2026-09-27
Thaumaton Torpedo	1	sideboard fisico; informado 2026-08-21	2026-08-22
The Circle of Loyalty	1		2026-09-27
Theorix Annex	1	separada p/ Satoru	2026-09-27
Theorix Charm	1		2026-09-27
Third Path Iconoclast	1	saiu do Inspirit (troca pela Vraska) 2026-09-26	2026-09-26
Thirst for Knowledge	1		2026-09-18
Thopter Fabricator	1	maybeboard	2026-08-13
Thranduil's Decree	1		2026-09-18
Thrummingbird	1	maybeboard	2026-08-13
Tidings of War	1		2026-09-27
Titan Forge	1	maybeboard	2026-08-13
Tori D'Avenant, Fury Rider	1		2026-09-27
Trailblazer's Torch	1		2026-09-27
Trickster's Stratagem	1		2026-09-27
Troll Negotiations	2		2026-09-18
True-Faith Censer	1		2026-09-27
Ulvenwald Mysteries	1		2026-09-18
Valor in Akros	1		2026-09-27
Vapor Snag	1		2026-09-27
Veteran Soldier	1		2026-09-27
Void Snare	1		2026-09-27
Vraska's Final Mercy	1		2026-09-27
Vraska, the Cutting Glare	1		2026-09-27
Wall of Lost Thoughts	1		2026-09-27
Warlord's Fury	1		2026-09-18
Way of the Healer	1		2026-09-27
Way of the Necromancer	1		2026-09-27
We Say Thee Nay!	1		2026-09-27
Wedgelight Rammer	1	sideboard fisico; informado 2026-08-21	2026-08-22
Wilderland Scrounger	1		2026-09-18
Youthful Knight	1		2026-09-18
Zealous Display	1		2026-09-27
Zhur-Taa Goblin	1		2026-09-18
