name	source	kind	value	currency	captured_at	note
Access Denied	ligamagic	menor	9.00	BRL	2026-08-12	deck v2
Alibou, Ancient Witness	ligamagic	menor	5.64	BRL	2026-08-12	deck v2
Arcane Signet	ligamagic	menor	3.99	BRL	2026-08-12	deck v2
Astral Cornucopia	ligamagic	menor	1.40	BRL	2026-08-12	maybeboard v3
Azorius Signet	ligamagic	menor	2.68	BRL	2026-08-12	maybeboard v3
Battlefield Forge	ligamagic	menor	3.70	BRL	2026-08-12	deck v2
Bident of Thassa	ligamagic	menor	5.80	BRL	2026-08-12	deck v2
Blacksmith's Skill	ligamagic	menor	0.89	BRL	2026-08-12	deck v2
Blast Zone	ligamagic	menor	0.89	BRL	2026-08-12	deck v2
Boros Signet	ligamagic	menor	1.50	BRL	2026-08-12	deck v2
Brotherhood Vertibird	ligamagic	menor	1.57	BRL	2026-08-12	deck v2
Captain Storm, Cosmium Raider	ligamagic	menor	0.15	BRL	2026-08-12	maybeboard v3
Cargo Ship	ligamagic	menor	0.20	BRL	2026-08-12	maybeboard v3
Chain Reaction	ligamagic	menor	0.90	BRL	2026-08-12	deck v2
Chainsaw	ligamagic	menor	1.48	BRL	2026-08-12	maybeboard v3
Chief of the Foundry	ligamagic	menor	0.08	BRL	2026-08-12	deck v2
Chrome Host Seedshark	ligamagic	menor	1.16	BRL	2026-08-12	deck v2
Clifftop Retreat	ligamagic	menor	3.05	BRL	2026-08-12	deck v2
Cloud Key	ligamagic	menor	8.00	BRL	2026-08-12	deck v2
Command Tower	ligamagic	menor	1.67	BRL	2026-08-12	deck v2
Coretapper	ligamagic	menor	0.25	BRL	2026-08-12	deck v2
Crystalline Crawler	ligamagic	menor	3.70	BRL	2026-08-12	deck v2
Cyberdrive Awakener	ligamagic	menor	14.99	BRL	2026-08-12	deck v2
Darksteel Reactor	ligamagic	menor	5.44	BRL	2026-08-12	maybeboard v3
Deepglow Skate	ligamagic	menor	1.99	BRL	2026-08-12	deck v2
Dispatch	ligamagic	menor	2.83	BRL	2026-08-12	deck v2
Disruption Protocol	ligamagic	menor	0.20	BRL	2026-08-12	deck v2
Diversion Unit	ligamagic	menor	0.45	BRL	2026-08-12	maybeboard v3
Emissary Escort	ligamagic	menor	0.20	BRL	2026-08-12	maybeboard v3
Empowered Autogenerator	ligamagic	menor	2.19	BRL	2026-08-12	deck v2
Enthusiastic Mechanaut	ligamagic	menor	0.39	BRL	2026-08-12	deck v2
Etherium Sculptor	ligamagic	menor	1.72	BRL	2026-08-12	deck v2
Ethersworn Sphinx	ligamagic	menor	0.09	BRL	2026-08-12	maybeboard v3
Everflowing Chalice	ligamagic	menor	1.50	BRL	2026-08-12	deck v2
Exotic Orchard	ligamagic	menor	1.00	BRL	2026-08-12	deck v2
Experimental Augury	ligamagic	menor	0.69	BRL	2026-08-12	maybeboard v3
Flame Slash	ligamagic	menor	2.48	BRL	2026-08-12	maybeboard v3
Foundry Inspector	ligamagic	menor	0.36	BRL	2026-08-12	deck v2
Frogmyr Enforcer	ligamagic	menor	0.09	BRL	2026-08-12	maybeboard v3
Fumigate	ligamagic	menor	1.37	BRL	2026-08-12	deck v2
Glacial Fortress	ligamagic	menor	2.21	BRL	2026-08-12	deck v2
Glass Casket	ligamagic	menor	0.09	BRL	2026-08-12	deck v2
Golem Foundry	ligamagic	menor	2.34	BRL	2026-08-12	maybeboard v3
Hangarback Walker	ligamagic	menor	0.75	BRL	2026-08-12	deck v2
Hedron Crawler	ligamagic	menor	0.10	BRL	2026-08-12	maybeboard v3
Inspirit, Flagship Vessel	ligamagic	menor	4.75	BRL	2026-08-12	deck v2
Invisible Force Field	ligamagic	menor	10.94	BRL	2026-08-12	deck v2
Irrigated Farmland	ligamagic	menor	0.84	BRL	2026-08-12	deck v2
Jhoira, Weatherlight Captain	ligamagic	menor	6.69	BRL	2026-08-12	maybeboard v3
Kappa Cannoneer	ligamagic	menor	4.50	BRL	2026-08-12	deck v2
Kilo, Apogee Mind	ligamagic	menor	4.90	BRL	2026-08-12	deck v2
Leonin Abunas	ligamagic	menor	1.97	BRL	2026-08-12	deck v2
Long-Range Sensor	ligamagic	menor	1.84	BRL	2026-08-12	maybeboard v3
Loran's Escape	ligamagic	menor	15.45	BRL	2026-08-12	deck v2
Lux Artillery	ligamagic	menor	1.22	BRL	2026-08-12	deck v2
Lux Cannon	ligamagic	menor	1.25	BRL	2026-08-12	deck v2
Malcator, Purity Overseer	ligamagic	menor	0.39	BRL	2026-08-12	deck v2
Marketback Walker	ligamagic	menor	1.93	BRL	2026-08-12	maybeboard v3
Master of Etherium	ligamagic	menor	0.89	BRL	2026-08-12	deck v2
Master Trinketeer	ligamagic	menor	0.19	BRL	2026-08-12	deck v2
Melded Moxite	ligamagic	menor	0.25	BRL	2026-08-12	maybeboard v3
Memory Guardian	ligamagic	menor	0.49	BRL	2026-08-12	maybeboard v3
Metastatic Evangel	ligamagic	menor	0.20	BRL	2026-08-12	maybeboard v3
Midnight Clock	ligamagic	menor	1.90	BRL	2026-08-12	deck v2
Millikin	ligamagic	menor	0.17	BRL	2026-08-12	maybeboard v3
Moxite Refinery	ligamagic	menor	1.89	BRL	2026-08-12	maybeboard v3
Myr Convert	ligamagic	menor	0.15	BRL	2026-08-12	maybeboard v3
Mystic Monastery	ligamagic	menor	0.17	BRL	2026-08-12	deck v2
Old Fat Spider Can't See Me	ligamagic	menor	0.88	BRL	2026-08-12	maybeboard v3
One with the Machine	ligamagic	menor	0.41	BRL	2026-08-12	deck v2
Organic Extinction	ligamagic	menor	3.19	BRL	2026-08-12	deck v2
Overwhelming Surge	ligamagic	menor	0.03	BRL	2026-08-12	maybeboard v3
Padeem, Consul of Innovation	ligamagic	menor	7.75	BRL	2026-08-12	deck v2
Paladin Danse, Steel Maverick	ligamagic	menor	3.95	BRL	2026-08-12	maybeboard v3
Patrolling Peacemaker	ligamagic	menor	3.94	BRL	2026-08-12	maybeboard v3
Pentad Prism	ligamagic	menor	0.63	BRL	2026-08-12	deck v2
Perilous Landscape	ligamagic	menor	0.19	BRL	2026-08-12	deck v2
Perilous Snare	ligamagic	menor	1.00	BRL	2026-08-12	deck v2
Phyrexian Revoker	ligamagic	menor	1.25	BRL	2026-08-12	maybeboard v3
Pilgrim's Eye	ligamagic	menor	0.05	BRL	2026-08-12	maybeboard v3
Pinnacle Emissary	ligamagic	menor	5.90	BRL	2026-08-12	deck v2
Port Town	ligamagic	menor	0.98	BRL	2026-08-12	deck v2
Prophetic Prism	ligamagic	menor	0.13	BRL	2026-08-12	deck v2
Ratchet Bomb	ligamagic	menor	1.79	BRL	2026-08-12	maybeboard v3
Razortide Bridge	ligamagic	menor	1.19	BRL	2026-08-12	deck v2
Reckoner Bankbuster	ligamagic	menor	1.90	BRL	2026-08-12	deck v2
Restoration Magic	ligamagic	menor	10.75	BRL	2026-08-12	deck v2
Reverse Engineer	ligamagic	menor	0.17	BRL	2026-08-12	deck v2
Rip Apart	ligamagic	menor	0.23	BRL	2026-08-12	deck v2
Rugged Prairie	ligamagic	menor	2.69	BRL	2026-08-12	deck v2
Rustvale Bridge	ligamagic	menor	1.09	BRL	2026-08-12	deck v2
Sai, Master Thopterist	ligamagic	menor	2.48	BRL	2026-08-12	deck v2
Silverbluff Bridge	ligamagic	menor	0.90	BRL	2026-08-12	deck v2
Skycloud Expanse	ligamagic	menor	1.09	BRL	2026-08-12	deck v2
Sol Ring	ligamagic	menor	8.01	BRL	2026-08-12	deck v2
Solar Array	ligamagic	menor	1.99	BRL	2026-08-12	maybeboard v3
Somber Hoverguard	ligamagic	menor	0.10	BRL	2026-08-12	maybeboard v3
Sphere of the Suns	ligamagic	menor	0.11	BRL	2026-08-12	deck v2
Spire of Industry	ligamagic	menor	0.95	BRL	2026-08-12	deck v2
Stern Lesson	ligamagic	menor	0.04	BRL	2026-08-12	deck v2
Stoic Rebuttal	ligamagic	menor	0.20	BRL	2026-08-12	deck v2
Stone by Sunlight	ligamagic	menor	0.88	BRL	2026-08-12	maybeboard v3
Sunder the Gateway	ligamagic	menor	0.25	BRL	2026-08-12	maybeboard v3
Surge Conductor	ligamagic	menor	3.78	BRL	2026-08-12	deck v2
Swords to Plowshares	ligamagic	menor	11.00	BRL	2026-08-12	deck v2
Talisman of Progress	ligamagic	menor	5.24	BRL	2026-08-12	deck v2
Temple of Enlightenment	ligamagic	menor	0.59	BRL	2026-08-12	deck v2
Temple of Epiphany	ligamagic	menor	0.49	BRL	2026-08-12	deck v2
Tezzeret's Gambit	ligamagic	menor	0.45	BRL	2026-08-12	deck v2
Third Path Iconoclast	ligamagic	menor	3.17	BRL	2026-08-12	deck v2
Thirst for Knowledge	ligamagic	menor	0.05	BRL	2026-08-12	deck v2
Thopter Fabricator	ligamagic	menor	0.20	BRL	2026-08-12	maybeboard v3
Thought Monitor	ligamagic	menor	6.90	BRL	2026-08-12	maybeboard v3
Thousand Moons Smithy	ligamagic	menor	4.90	BRL	2026-08-12	deck v2
Thrummingbird	ligamagic	menor	0.18	BRL	2026-08-12	maybeboard v3
Titan Forge	ligamagic	menor	0.49	BRL	2026-08-12	maybeboard v3
Unholy Heat	ligamagic	menor	0.75	BRL	2026-08-12	maybeboard v3
Unwanted Remake	ligamagic	menor	0.95	BRL	2026-08-12	deck v2
Uthros Research Craft	ligamagic	menor	9.49	BRL	2026-08-12	deck v2
Voyage Home	ligamagic	menor	0.20	BRL	2026-08-12	maybeboard v3
Voyager Quickwelder	ligamagic	menor	0.15	BRL	2026-08-12	maybeboard v3
Warmaker Gunship	ligamagic	menor	0.25	BRL	2026-08-12	deck v2
Zookeeper Mechan	ligamagic	menor	0.09	BRL	2026-08-12	maybeboard v3
Inspirit, Flagship Vessel	ligamagic	menor	4.75	BRL	2026-08-12	comandante
Impact Tremors	ligamagic	menor	17.78	BRL	2026-08-22	
Goblin Bombardment	ligamagic	menor	15.00	BRL	2026-08-22	
Goblin Chieftain	ligamagic	menor	44.90	BRL	2026-08-22	
Shared Animosity	ligamagic	menor	25.99	BRL	2026-08-22	
Purphoros, God of the Forge	ligamagic	menor	129.99	BRL	2026-08-22	
Rundvelt Hordemaster	ligamagic	menor	17.78	BRL	2026-08-22	
Skirk Prospector	ligamagic	menor	0.50	BRL	2026-08-22	
Hobgoblin Bandit Lord	ligamagic	menor	29.97	BRL	2026-08-22	
Umbral Mantle	ligamagic	menor	36.90	BRL	2026-08-22	
Hammer of Purphoros	ligamagic	menor	2.89	BRL	2026-08-22	
Skullclamp	ligamagic	menor	26.89	BRL	2026-08-22	
Idol of Oblivion	ligamagic	menor	8.94	BRL	2026-08-22	
Reckless Impulse	ligamagic	menor	9.78	BRL	2026-08-22	
Light Up the Stage	ligamagic	menor	0.74	BRL	2026-08-22	
Goblin Engineer	ligamagic	menor	39.60	BRL	2026-08-22	
Goblin Matron	ligamagic	menor	5.41	BRL	2026-08-22	
Outpost Siege	ligamagic	menor	0.90	BRL	2026-08-22	
Deflecting Swat	ligamagic	menor	414.00	BRL	2026-08-22	
Goblin Chirurgeon	ligamagic	menor	5.90	BRL	2026-08-22	
Swiftfoot Boots	ligamagic	menor	12.80	BRL	2026-08-22	
Lightning Greaves	ligamagic	menor	28.35	BRL	2026-08-22	
Chandra, Torch of Defiance	ligamagic	menor	11.16	BRL	2026-08-22	
Den of the Bugbear	ligamagic	menor	15.00	BRL	2026-08-22	
Castle Embereth	ligamagic	menor	1.49	BRL	2026-08-22	
Volley Veteran	ligamagic	menor	0.29	BRL	2026-08-22	
Metallic Mimic	ligamagic	menor	4.89	BRL	2026-08-24	
Chaos Warp	ligamagic	menor	3.81	BRL	2026-08-24	
General Kreat, the Boltbringer	ligamagic	menor	74.95	BRL	2026-08-24	
Goblin King	ligamagic	menor	75.99	BRL	2026-08-24	
Mogg War Marshal	ligamagic	menor	0.25	BRL	2026-08-25	
Dragon Fodder	ligamagic	menor	0.17	BRL	2026-08-25	
Battle Hymn	ligamagic	menor	6.89	BRL	2026-08-25	
Sokenzan, Crucible of Defiance	ligamagic	menor	13.16	BRL	2026-08-25	
Dwarven Mine	ligamagic	menor	0.18	BRL	2026-08-25	
Kher Keep	ligamagic	menor	1.99	BRL	2026-08-25	
Young Pyromancer	ligamagic	menor	1.75	BRL	2026-08-25	
Expedite	ligamagic	menor	0.68	BRL	2026-08-25	
Renegade Tactics	ligamagic	menor	0.27	BRL	2026-08-25	
Ancestral Anger	ligamagic	menor	0.05	BRL	2026-08-25	
Titan's Strength	ligamagic	menor	0.25	BRL	2026-08-25	
Scuzzback Scrounger	ligamagic	menor	1.00	BRL	2026-08-26	
Fable of the Mirror-Breaker // Reflection of Kiki-Jiki	ligamagic	menor	55.00	BRL	2026-08-26	
Breeches, Eager Pillager	ligamagic	menor	1.00	BRL	2026-08-26	
Professional Face-Breaker	ligamagic	menor	39.85	BRL	2026-08-26	
Enterprising Scallywag	ligamagic	menor	0.11	BRL	2026-08-26	
Mind Stone	ligamagic	menor	2.25	BRL	2026-08-26	
Howlsquad Heavy	ligamagic	menor	23.94	BRL	2026-09-01	
Brightstone Ritual	ligamagic	menor	4.67	BRL	2026-09-01	
Sarpadian Simulacrum	ligamagic	menor	0.06	BRL	2026-09-01	
Gandalf the White	ligamagic	menor	49.90	BRL	2026-09-16	
Cloudshift	ligamagic	menor	3.98	BRL	2026-09-16	
Slip On the Ring	ligamagic	menor	0.15	BRL	2026-09-16	
Lightning Greaves	ligamagic	menor	25.00	BRL	2026-09-16	
Bifur, Melodic Rider	ligamagic	menor	0.22	BRL	2026-09-16	
Dwalin, Weaponmaster	ligamagic	menor	3.82	BRL	2026-09-16	
Bilbo, Unexpected Adventurer	ligamagic	menor	127.90	BRL	2026-09-16	
Dáin of the Ancient Halls	ligamagic	menor	728.80	BRL	2026-09-16	
Thorin, Company's Leader	ligamagic	menor	238.90	BRL	2026-09-16	
Long-Lost Lances	ligamagic	menor	5.90	BRL	2026-09-16	
Ori, Plate Stacker	ligamagic	menor	28.50	BRL	2026-09-16	
Magda, Brazen Outlaw	ligamagic	menor	69.90	BRL	2026-09-16	
Depala, Pilot Exemplar	ligamagic	menor	0.23	BRL	2026-09-16	
Sram, Senior Edificer	ligamagic	menor	6.00	BRL	2026-09-16	
Giott, King of the Dwarves	ligamagic	menor	0.20	BRL	2026-09-16	
Duergar Hedge-Mage	ligamagic	menor	2.17	BRL	2026-09-16	
Swiftfoot Boots	ligamagic	menor	14.00	BRL	2026-09-16	
Glóin, Dwarf Emissary	ligamagic	menor	89.75	BRL	2026-09-16	
Bruenor Battlehammer	ligamagic	menor	12.52	BRL	2026-09-16	
Hellrider	ligamagic	menor	3.49	BRL	2026-09-16	
Reyav, Master Smith	ligamagic	menor	0.20	BRL	2026-09-16	
Fíli and Kíli, Joyous	ligamagic	menor	148.90	BRL	2026-09-16	
Mizzium Mortars	ligamagic	menor	1.10	BRL	2026-09-16	
Fairgrounds Warden	ligamagic	menor	0.25	BRL	2026-09-16	
Cosmotronic Wave	ligamagic	menor	0.23	BRL	2026-09-16	
Duty Beyond Death	ligamagic	menor	0.43	BRL	2026-09-16	
Hangarback Walker	ligamagic	menor	0.70	BRL	2026-09-18	print LigaMagic do deck montado (registro)
Marketback Walker	ligamagic	menor	1.90	BRL	2026-09-18	print LigaMagic do deck montado (registro)
Coretapper	ligamagic	menor	0.25	BRL	2026-09-18	print LigaMagic do deck montado (registro)
Emissary Escort	ligamagic	menor	0.20	BRL	2026-09-18	print LigaMagic do deck montado (registro)
Etherium Sculptor	ligamagic	menor	2.85	BRL	2026-09-18	print LigaMagic do deck montado (registro)
Metastatic Evangel	ligamagic	menor	0.20	BRL	2026-09-18	print LigaMagic do deck montado (registro)
Third Path Iconoclast	ligamagic	menor	3.58	BRL	2026-09-18	print LigaMagic do deck montado (registro)
Enthusiastic Mechanaut	ligamagic	menor	0.20	BRL	2026-09-18	print LigaMagic do deck montado (registro)
Chief of the Foundry	ligamagic	menor	0.15	BRL	2026-09-18	print LigaMagic do deck montado (registro)
Foundry Inspector	ligamagic	menor	0.50	BRL	2026-09-18	print LigaMagic do deck montado (registro)
Kilo, Apogee Mind	ligamagic	menor	4.90	BRL	2026-09-18	print LigaMagic do deck montado (registro)
Malcator, Purity Overseer	ligamagic	menor	0.39	BRL	2026-09-18	print LigaMagic do deck montado (registro)
Master of Etherium	ligamagic	menor	0.89	BRL	2026-09-18	print LigaMagic do deck montado (registro)
Pinnacle Emissary	ligamagic	menor	5.90	BRL	2026-09-18	print LigaMagic do deck montado (registro)
Sai, Master Thopterist	ligamagic	menor	2.48	BRL	2026-09-18	print LigaMagic do deck montado (registro)
Surge Conductor	ligamagic	menor	3.78	BRL	2026-09-18	print LigaMagic do deck montado (registro)
Chrome Host Seedshark	ligamagic	menor	2.15	BRL	2026-09-18	print LigaMagic do deck montado (registro)
Voyager Quickwelder	ligamagic	menor	0.15	BRL	2026-09-18	print LigaMagic do deck montado (registro)
Jhoira, Weatherlight Captain	ligamagic	menor	6.53	BRL	2026-09-18	print LigaMagic do deck montado (registro)
Padeem, Consul of Innovation	ligamagic	menor	7.65	BRL	2026-09-18	print LigaMagic do deck montado (registro)
Crystalline Crawler	ligamagic	menor	3.60	BRL	2026-09-18	print LigaMagic do deck montado (registro)
Alibou, Ancient Witness	ligamagic	menor	5.84	BRL	2026-09-18	print LigaMagic do deck montado (registro)
Deepglow Skate	ligamagic	menor	2.04	BRL	2026-09-18	print LigaMagic do deck montado (registro)
Kappa Cannoneer	ligamagic	menor	5.60	BRL	2026-09-18	print LigaMagic do deck montado (registro)
Cyberdrive Awakener	ligamagic	menor	14.94	BRL	2026-09-18	print LigaMagic do deck montado (registro)
Thought Monitor	ligamagic	menor	6.54	BRL	2026-09-18	print LigaMagic do deck montado (registro)
Ethersworn Sphinx	ligamagic	menor	0.09	BRL	2026-09-18	print LigaMagic do deck montado (registro)
Saheeli, Sublime Artificer	ligamagic	menor	0.43	BRL	2026-09-18	print LigaMagic do deck montado (registro)
Dispatch	ligamagic	menor	31.50	BRL	2026-09-18	print LigaMagic do deck montado (registro)
Swords to Plowshares	ligamagic	menor	13.99	BRL	2026-09-18	print LigaMagic do deck montado (registro)
Loran's Escape	ligamagic	menor	9.99	BRL	2026-09-18	print LigaMagic do deck montado (registro)
Blacksmith's Skill	ligamagic	menor	0.89	BRL	2026-09-18	print LigaMagic do deck montado (registro)
Restoration Magic	ligamagic	menor	10.73	BRL	2026-09-18	print LigaMagic do deck montado (registro)
Sunder the Gateway	ligamagic	menor	0.13	BRL	2026-09-18	print LigaMagic do deck montado (registro)
Invisible Force Field	ligamagic	menor	8.75	BRL	2026-09-18	print LigaMagic do deck montado (registro)
Stone by Sunlight	ligamagic	menor	0.10	BRL	2026-09-18	print LigaMagic do deck montado (registro)
Stern Lesson	ligamagic	menor	0.10	BRL	2026-09-18	print LigaMagic do deck montado (registro)
Tezzeret's Gambit	ligamagic	menor	0.50	BRL	2026-09-18	print LigaMagic do deck montado (registro)
Chain Reaction	ligamagic	menor	0.90	BRL	2026-09-18	print LigaMagic do deck montado (registro)
Reverse Engineer	ligamagic	menor	0.20	BRL	2026-09-18	print LigaMagic do deck montado (registro)
Voyage Home	ligamagic	menor	0.20	BRL	2026-09-18	print LigaMagic do deck montado (registro)
Organic Extinction	ligamagic	menor	3.20	BRL	2026-09-18	print LigaMagic do deck montado (registro)
Everflowing Chalice	ligamagic	menor	0.99	BRL	2026-09-18	print LigaMagic do deck montado (registro)
Astral Cornucopia	ligamagic	menor	0.85	BRL	2026-09-18	print LigaMagic do deck montado (registro)
Sol Ring	ligamagic	menor	7.95	BRL	2026-09-18	print LigaMagic do deck montado (registro)
Pentad Prism	ligamagic	menor	0.57	BRL	2026-09-18	print LigaMagic do deck montado (registro)
Spring-Loaded Sawblades // Bladewheel Chariot	ligamagic	menor	0.10	BRL	2026-09-18	print LigaMagic do deck montado (registro)
Arcane Signet	ligamagic	menor	4.00	BRL	2026-09-18	print LigaMagic do deck montado (registro)
Talisman of Progress	ligamagic	menor	4.60	BRL	2026-09-18	print LigaMagic do deck montado (registro)
Cloud Key	ligamagic	menor	8.25	BRL	2026-09-18	print LigaMagic do deck montado (registro)
Brotherhood Vertibird	ligamagic	menor	1.57	BRL	2026-09-18	print LigaMagic do deck montado (registro)
Golem Foundry	ligamagic	menor	1.13	BRL	2026-09-18	print LigaMagic do deck montado (registro)
Perilous Snare	ligamagic	menor	1.00	BRL	2026-09-18	print LigaMagic do deck montado (registro)
Midnight Clock	ligamagic	menor	1.79	BRL	2026-09-18	print LigaMagic do deck montado (registro)
Solar Array	ligamagic	menor	1.99	BRL	2026-09-18	print LigaMagic do deck montado (registro)
Uthros Research Craft	ligamagic	menor	10.23	BRL	2026-09-18	print LigaMagic do deck montado (registro)
Warmaker Gunship	ligamagic	menor	0.25	BRL	2026-09-18	print LigaMagic do deck montado (registro)
Empowered Autogenerator	ligamagic	menor	2.00	BRL	2026-09-18	print LigaMagic do deck montado (registro)
Thousand Moons Smithy // Barracks of the Thousand	ligamagic	menor	5.40	BRL	2026-09-18	print LigaMagic do deck montado (registro)
Recon Craft Theta	ligamagic	menor	3.95	BRL	2026-09-18	print LigaMagic do deck montado (registro)
Dawnsire, Sunstar Dreadnought	ligamagic	menor	8.74	BRL	2026-09-18	print LigaMagic do deck montado (registro)
Thopter Spy Network	ligamagic	menor	0.89	BRL	2026-09-18	print LigaMagic do deck montado (registro)
Whirlwind of Thought	ligamagic	menor	1.15	BRL	2026-09-18	print LigaMagic do deck montado (registro)
Port Town	ligamagic	menor	1.00	BRL	2026-09-18	print LigaMagic do deck montado (registro)
Irrigated Farmland	ligamagic	menor	0.80	BRL	2026-09-18	print LigaMagic do deck montado (registro)
Battlefield Forge	ligamagic	menor	3.79	BRL	2026-09-18	print LigaMagic do deck montado (registro)
Glacial Fortress	ligamagic	menor	1.85	BRL	2026-09-18	print LigaMagic do deck montado (registro)
Mystic Monastery	ligamagic	menor	0.20	BRL	2026-09-18	print LigaMagic do deck montado (registro)
Perilous Landscape	ligamagic	menor	0.23	BRL	2026-09-18	print LigaMagic do deck montado (registro)
Vivid Crag	ligamagic	menor	0.49	BRL	2026-09-18	print LigaMagic do deck montado (registro)
Exotic Orchard	ligamagic	menor	1.00	BRL	2026-09-18	print LigaMagic do deck montado (registro)
Rustvale Bridge	ligamagic	menor	1.09	BRL	2026-09-18	print LigaMagic do deck montado (registro)
Razortide Bridge	ligamagic	menor	1.35	BRL	2026-09-18	print LigaMagic do deck montado (registro)
Silverbluff Bridge	ligamagic	menor	1.15	BRL	2026-09-18	print LigaMagic do deck montado (registro)
Rugged Prairie	ligamagic	menor	2.73	BRL	2026-09-18	print LigaMagic do deck montado (registro)
Clifftop Retreat	ligamagic	menor	2.90	BRL	2026-09-18	print LigaMagic do deck montado (registro)
Temple of Enlightenment	ligamagic	menor	0.50	BRL	2026-09-18	print LigaMagic do deck montado (registro)
Command Tower	ligamagic	menor	1.50	BRL	2026-09-18	print LigaMagic do deck montado (registro)
Skycloud Expanse	ligamagic	menor	1.26	BRL	2026-09-18	print LigaMagic do deck montado (registro)
Spire of Industry	ligamagic	menor	0.95	BRL	2026-09-18	print LigaMagic do deck montado (registro)
Otharri, Suns' Glory	ligamagic	menor	24.79	BRL	2026-09-19	
Aurelia, the Law Above	ligamagic	menor	4.00	BRL	2026-09-19	
Aurelia, the Warleader	ligamagic	menor	58.50	BRL	2026-09-19	
Neyali, Suns' Vanguard	ligamagic	menor	22.98	BRL	2026-09-19	
Warleader's Call	ligamagic	menor	20.75	BRL	2026-09-19	
Radiant Destiny	ligamagic	menor	1.58	BRL	2026-09-19	
Molten Gatekeeper	ligamagic	menor	0.22	BRL	2026-09-19	
Goblin War Drums	ligamagic	menor	2.90	BRL	2026-09-19	
Barrage of Boulders	ligamagic	menor	0.05	BRL	2026-09-19	
Combat Celebrant	ligamagic	menor	11.99	BRL	2026-09-19	
Tome of Legends	ligamagic	menor	1.20	BRL	2026-09-19	
Staff of the Storyteller	ligamagic	menor	9.88	BRL	2026-09-19	
Wedding Announcement // Wedding Festivity	ligamagic	menor	3.73	BRL	2026-09-19	
Tocasia's Welcome	ligamagic	menor	7.88	BRL	2026-09-19	
Palace Jailer	ligamagic	menor	0.30	BRL	2026-09-19	
Talisman of Conviction	ligamagic	menor	3.80	BRL	2026-09-19	
Fellwar Stone	ligamagic	menor	14.50	BRL	2026-09-19	
Sword of the Animist	ligamagic	menor	27.00	BRL	2026-09-19	
Unbreakable Formation	ligamagic	menor	8.99	BRL	2026-09-19	
Winds of Abandon	ligamagic	menor	19.41	BRL	2026-09-19	
Hour of Reckoning	ligamagic	menor	0.84	BRL	2026-09-19	
Vandalblast	ligamagic	menor	39.99	BRL	2026-09-19	
Furycalm Snarl	ligamagic	menor	1.10	BRL	2026-09-19	
Witty Roastmaster	ligamagic	menor	5.83	BRL	2026-09-19	
Knight of the White Orchid	ligamagic	menor	10.99	BRL	2026-09-19	
Generous Gift	ligamagic	menor	5.00	BRL	2026-09-19	
Hexgold Halberd	ligamagic	menor	0.10	BRL	2026-09-19	
Karn's Bastion	ligamagic	menor	9.85	BRL	2026-09-19	
Great Train Heist	ligamagic	menor	22.80	BRL	2026-09-19	
Loyal Warhound	ligamagic	menor	2.59	BRL	2026-09-19	
Oracle's Vault	ligamagic	menor	0.25	BRL	2026-09-19	
Hero of Bladehold	ligamagic	menor	6.75	BRL	2026-09-19	
Intangible Virtue	ligamagic	menor	0.35	BRL	2026-09-19	
Adeline, Resplendent Cathar	ligamagic	menor	23.88	BRL	2026-09-19	
Assemble the Legion	ligamagic	menor	0.75	BRL	2026-09-19	
Seething Song	ligamagic	menor	54.44	BRL	2026-09-19	
Mana Geyser	ligamagic	menor	12.35	BRL	2026-09-19	
Phoenix Chick	ligamagic	menor	0.43	BRL	2026-09-19	
Furycalm Snarl	ligamagic	menor	1.10	BRL	2026-09-20	
Hexplate Wallbreaker	ligamagic	menor	49.90	BRL	2026-09-23	captura manual do teste de mesa v1
Glimmer Lens	ligamagic	menor	21.75	BRL	2026-09-23	captura manual do teste de mesa v1
Barbed Batterfist	ligamagic	menor	0.89	BRL	2026-09-23	captura manual do teste de mesa v1
Bladehold War-Whip	ligamagic	menor	0.10	BRL	2026-09-23	captura manual do teste de mesa v1
Vulshok Splitter	ligamagic	menor	0.04	BRL	2026-09-23	captura manual do teste de mesa v1
Blasphemous Act	ligamagic	menor	12.10	BRL	2026-09-23	
Boros Charm	ligamagic	menor	33.17	BRL	2026-09-23	
Faithless Looting	ligamagic	menor	5.40	BRL	2026-09-23	
Torbran, Thane of Red Fell	ligamagic	menor	6.98	BRL	2026-09-23	
Thrill of Possibility	ligamagic	menor	0.50	BRL	2026-09-23	
Fiery Emancipation	ligamagic	menor	54.54	BRL	2026-09-23	
Sunforger	ligamagic	menor	6.90	BRL	2026-09-23	
Conflagrate	ligamagic	menor	0.07	BRL	2026-09-23	
Firebolt	ligamagic	menor	0.25	BRL	2026-09-23	
Magma Spray	ligamagic	menor	0.05	BRL	2026-09-23	
Lightning Strike	ligamagic	menor	0.10	BRL	2026-09-23	
Seal of Cleansing	ligamagic	menor	0.30	BRL	2026-09-23	
Requisition Raid	ligamagic	menor	0.44	BRL	2026-09-23	
Swift Reckoning	ligamagic	menor	0.10	BRL	2026-09-23	
Disenchant	ligamagic	menor	0.25	BRL	2026-09-23	
Reduce to Memory	ligamagic	menor	0.13	BRL	2026-09-23	
Smite the Deathless	ligamagic	menor	0.12	BRL	2026-09-23	
Lesser Masticore	ligamagic	menor	0.09	BRL	2026-09-23	
Guttersnipe	ligamagic	menor	5.40	BRL	2026-09-23	
Thermo-Alchemist	ligamagic	menor	0.55	BRL	2026-09-23	
Firebrand Archer	ligamagic	menor	0.99	BRL	2026-09-23	
Electrostatic Field	ligamagic	menor	9.90	BRL	2026-09-23	
Kessig Flamebreather	ligamagic	menor	24.79	BRL	2026-09-23	
Erebor Flamesmith	ligamagic	menor	0.33	BRL	2026-09-23	
Solphim, Mayhem Dominus	ligamagic	menor	118.90	BRL	2026-09-23	
Gisela, Blade of Goldnight	ligamagic	menor	15.00	BRL	2026-09-23	
Big Score	ligamagic	menor	7.65	BRL	2026-09-23	
Seize the Spoils	ligamagic	menor	0.06	BRL	2026-09-23	
Unexpected Windfall	ligamagic	menor	19.90	BRL	2026-09-23	
Cathartic Pyre	ligamagic	menor	0.84	BRL	2026-09-23	
Cathartic Reunion	ligamagic	menor	0.14	BRL	2026-09-23	
Bitter Reunion	ligamagic	menor	9.90	BRL	2026-09-23	
Lightning Helix	ligamagic	menor	0.45	BRL	2026-09-23	
Slaughter the Strong	ligamagic	menor	0.20	BRL	2026-09-23	
Abrade	ligamagic	menor	0.30	BRL	2026-09-23	
Wear // Tear	ligamagic	menor	2.91	BRL	2026-09-23	
Chaos Warp	ligamagic	menor	4.12	BRL	2026-09-23	
Generous Gift	ligamagic	menor	5.00	BRL	2026-09-23	
Monument to Endurance	ligamagic	menor	110.00	BRL	2026-09-23	
Case of the Crimson Pulse	ligamagic	menor	0.90	BRL	2026-09-23	
Inti, Seneschal of the Sun	ligamagic	menor	4.90	BRL	2026-09-23	
Sin Prodder	ligamagic	menor	1.00	BRL	2026-09-23	
Palantír of Orthanc	ligamagic	menor	117.98	BRL	2026-09-23	
Court of Ire	ligamagic	menor	4.95	BRL	2026-09-23	
Throne of the High City	ligamagic	menor	0.65	BRL	2026-09-23	
War Room	ligamagic	menor	19.99	BRL	2026-09-23	
Seize Opportunity	ligamagic	menor	0.05	BRL	2026-09-23	
Syr Carah, the Bold	ligamagic	menor	0.09	BRL	2026-09-23	
Commander's Sphere	ligamagic	menor	0.50	BRL	2026-09-23	
Boros Locket	ligamagic	menor	0.18	BRL	2026-09-23	
Mizzium Mortars	ligamagic	menor	1.10	BRL	2026-09-23	
Unholy Heat	ligamagic	menor	0.50	BRL	2026-09-23	
Chain Reaction	ligamagic	menor	1.39	BRL	2026-09-23	
Ratchet Bomb	ligamagic	menor	1.00	BRL	2026-09-23	
Smothering Tithe	ligamagic	menor	233.91	BRL	2026-09-23	
Flame Jab	ligamagic	menor	0.05	BRL	2026-09-23	
Perpetual Timepiece	ligamagic	menor	0.65	BRL	2026-09-23	
Tablet of Discovery	ligamagic	menor	12.49	BRL	2026-09-23	
Lorehold Excavation	ligamagic	menor	0.08	BRL	2026-09-23	
Faithless Salvaging	ligamagic	menor	0.49	BRL	2026-09-23	
Demand Answers	ligamagic	menor	2.80	BRL	2026-09-23	
Electric Revelation	ligamagic	menor	0.52	BRL	2026-09-23	
Tormenting Voice	ligamagic	menor	0.20	BRL	2026-09-23	
Wild Guess	ligamagic	menor	0.05	BRL	2026-09-23	
Celebrate the Mountain-king	ligamagic	menor	0.23	BRL	2026-09-23	
Millikin	ligamagic	menor	0.18	BRL	2026-09-23	
Sphere of the Suns	ligamagic	menor	0.11	BRL	2026-09-23	
Talisman of Conviction	ligamagic	menor	3.80	BRL	2026-09-23	
Repercussion	ligamagic	menor	47.99	BRL	2026-09-23	
Crackle with Power	ligamagic	menor	26.40	BRL	2026-09-23	
Approach of the Second Sun	ligamagic	menor	12.02	BRL	2026-09-23	
Chandra's Ignition	ligamagic	menor	37.90	BRL	2026-09-23	
Felidar Sovereign	ligamagic	menor	15.99	BRL	2026-09-23	
Darksteel Reactor	ligamagic	menor	5.47	BRL	2026-09-23	
Ornithopter of Paradise	ligamagic	menor	6.79	BRL	2026-09-23	
Sunbillow Verge	ligamagic	menor	56.00	BRL	2026-09-23	
Radiant Summit	ligamagic	menor	5.46	BRL	2026-09-23	
Spectator Seating	ligamagic	menor	38.90	BRL	2026-09-23	
Glittering Massif	ligamagic	menor	2.48	BRL	2026-09-23	
Arena of Glory	ligamagic	menor	69.12	BRL	2026-09-23	
Gods Willing	ligamagic	menor	0.45	BRL	2026-09-23	
Fields of Strife	ligamagic	menor	0.01	BRL	2026-09-23	
Stone Quarry	ligamagic	menor	0.25	BRL	2026-09-23	
Wind-Scarred Crag	ligamagic	menor	0.10	BRL	2026-09-23	
Mountain	ligamagic	menor	0.20	BRL	2026-09-23	
Plains	ligamagic	menor	0.22	BRL	2026-09-23	
Boros Guildgate	ligamagic	menor	0.23	BRL	2026-09-23	
Sundown Pass	ligamagic	menor	10.00	BRL	2026-09-23	
Inspiring Vantage	ligamagic	menor	12.58	BRL	2026-09-23	
Sunscorched Divide	ligamagic	menor	1.95	BRL	2026-09-23	
Sunbaked Canyon	ligamagic	menor	26.39	BRL	2026-09-23	
Eiganjo, Seat of the Empire	ligamagic	menor	33.04	BRL	2026-09-23	
Elegant Parlor	ligamagic	menor	54.45	BRL	2026-09-23	
Helping Hand	ligamagic	menor	0.45	BRL	2026-09-24	
Recommission	ligamagic	menor	1.00	BRL	2026-09-24	
Return Triumphant	ligamagic	menor	0.20	BRL	2026-09-24	
Call a Surprise Witness	ligamagic	menor	0.15	BRL	2026-09-24	
Sevinne's Reclamation	ligamagic	menor	3.50	BRL	2026-09-24	
Brought Back	ligamagic	menor	3.00	BRL	2026-09-24	
Patch Up	ligamagic	menor	0.23	BRL	2026-09-24	
Teshar, Ancestor's Apostle	ligamagic	menor	0.60	BRL	2026-09-24	
Sun Titan	ligamagic	menor	2.25	BRL	2026-09-24	
Luminous Broodmoth	ligamagic	menor	6.74	BRL	2026-09-24	
Celestine, the Living Saint	ligamagic	menor	110.38	BRL	2026-09-24	
Bishop of Rebirth	ligamagic	menor	0.45	BRL	2026-09-24	
Venerable Warsinger	ligamagic	menor	0.49	BRL	2026-09-24	
Calamity Bearer	ligamagic	menor	0.24	BRL	2026-09-24	
Panharmonicon	ligamagic	menor	34.45	BRL	2026-09-24	
Haliya, Guided by Light	ligamagic	menor	11.88	BRL	2026-09-24	
The Gaffer	ligamagic	menor	63.75	BRL	2026-09-24	
Pursue the Past	ligamagic	menor	0.39	BRL	2026-09-24	
Angelic Renewal	ligamagic	menor	0.80	BRL	2026-09-24	
Karmic Guide	ligamagic	menor	2.66	BRL	2026-09-24	
Ark of Hunger	ligamagic	menor	0.45	BRL	2026-09-24	
Staff of the Storyteller	ligamagic	menor	9.85	BRL	2026-09-24	
Confession Dial	ligamagic	menor	1.42	BRL	2026-09-24	
Desdemona, Freedom's Edge	ligamagic	menor	1.45	BRL	2026-09-24	
Twinflame Tyrant	ligamagic	menor	121.67	BRL	2026-09-24	
Agate Instigator	ligamagic	menor	55.99	BRL	2026-09-24	
Fiendish Duo	ligamagic	menor	9.95	BRL	2026-09-24	
Lightning, Army of One	ligamagic	menor	73.59	BRL	2026-09-24	
Dictate of the Twin Gods	ligamagic	menor	4.50	BRL	2026-09-24	
Culling Dais	ligamagic	menor	0.08	BRL	2026-09-24	
Thrill of Possibility	ligamagic	menor	0.50	BRL	2026-09-24	
Hall of Echoes	ligamagic	menor	19.98	BRL	2026-09-26	
Evolving Wilds	ligamagic	menor	0.09	BRL	2026-09-26	página de versões (76 impressões, 24 carregadas); menor entre as impressões visíveis
Murmuring Volume	ligamagic	menor	0.50	BRL	2026-09-27	
Room of Refuge	ligamagic	menor	0.39	BRL	2026-09-27	
Traxos, Academy Guardian	ligamagic	menor	1.89	BRL	2026-09-27	
Baleful Strix	ligamagic	menor	52.25	BRL	2026-09-27	menor entre edições (pca); bloco exibido R$ 59,99 [fic] — pool Satoru v1
Mulldrifter	ligamagic	menor	0.80	BRL	2026-09-27	menor entre edições (ddajvc); bloco exibido R$ 1,62 [ecc] — pool Satoru v1
Ornithopter	ligamagic	menor	0.51	BRL	2026-09-27	menor entre edições (aer); bloco exibido R$ 0,80 [dmr] — pool Satoru v1
Changeling Outcast	ligamagic	menor	2.59	BRL	2026-09-27	menor entre edições (mh1); bloco exibido R$ 6,08 [otc] — pool Satoru v1
Faerie Seer	ligamagic	menor	3.05	BRL	2026-09-27	menor entre edições (mh1); bloco exibido R$ 8,01 [j25] — pool Satoru v1
Spectral Sailor	ligamagic	menor	0.15	BRL	2026-09-27	menor entre edições (m20); bloco exibido R$ 0,49 [j25] — pool Satoru v1
Slither Blade	ligamagic	menor	0.22	BRL	2026-09-27	menor entre edições (akh); bloco exibido R$ 0,95 [otc] — pool Satoru v1
Dimir Infiltrator	ligamagic	menor	0.75	BRL	2026-09-27	menor entre edições (rav); bloco exibido R$ 4,90 [mb2] — pool Satoru v1
Invisible Stalker	ligamagic	menor	0.90	BRL	2026-09-27	menor entre edições (isd); bloco exibido R$ 3,70 [mb2] — pool Satoru v1
Satoru, the Infiltrator	ligamagic	menor	2.63	BRL	2026-09-27	menor entre edições (otj); bloco exibido R$ 2,63 [otj] — pool Satoru v1
Shriekmaw	ligamagic	menor	0.37	BRL	2026-09-27	menor entre edições (lw); bloco exibido R$ 0,39 [ecc] — pool Satoru v1
Moon-Circuit Hacker	ligamagic	menor	0.48	BRL	2026-09-27	menor entre edições (vneo); bloco exibido R$ 3,95 [j25] — pool Satoru v1
Ninja of the Deep Hours	ligamagic	menor	7.50	BRL	2026-09-27	menor entre edições (bok); bloco exibido R$ 29,00 [j25] — pool Satoru v1
Silver-Fur Master	ligamagic	menor	0.60	BRL	2026-09-27	menor entre edições (neo); bloco exibido R$ 0,60 [neo] — pool Satoru v1
Ingenious Infiltrator	ligamagic	menor	5.62	BRL	2026-09-27	menor entre edições (mh1); bloco exibido R$ 5,62 [mh1] — pool Satoru v1
Thousand-Faced Shadow	ligamagic	menor	13.00	BRL	2026-09-27	menor entre edições (neo); bloco exibido R$ 13,00 [neo] — pool Satoru v1
Sakashima's Student	ligamagic	menor	111.15	BRL	2026-09-27	menor entre edições (plist); bloco exibido R$ 111,15 [plist] — pool Satoru v1
Fallen Shinobi	ligamagic	menor	19.99	BRL	2026-09-27	menor entre edições (mh1); bloco exibido R$ 30,60 [otc] — pool Satoru v1
Kaito, Bane of Nightmares	ligamagic	menor	92.00	BRL	2026-09-27	menor entre edições (dsk); bloco exibido R$ 92,00 [dsk] — pool Satoru v1
Ravenous Chupacabra	ligamagic	menor	0.70	BRL	2026-09-27	menor entre edições (a25); bloco exibido R$ 1,49 [mkc] — pool Satoru v1
Hostage Taker	ligamagic	menor	0.50	BRL	2026-09-27	menor entre edições (lcc); bloco exibido R$ 1,25 [otc] — pool Satoru v1
Noxious Gearhulk	ligamagic	menor	0.90	BRL	2026-09-27	menor entre edições (kld); bloco exibido R$ 1,54 [tdc] — pool Satoru v1
Massacre Wurm	ligamagic	menor	24.99	BRL	2026-09-27	menor entre edições (mbs); bloco exibido R$ 32,96 [dsc] — pool Satoru v1
Grave Titan	ligamagic	menor	3.49	BRL	2026-09-27	menor entre edições (ecc); bloco exibido R$ 3,49 [ecc] — pool Satoru v1
Dream Eater	ligamagic	menor	0.45	BRL	2026-09-27	menor entre edições (grn); bloco exibido R$ 0,55 [dsc] — pool Satoru v1
Dragonlord Silumgar	ligamagic	menor	2.89	BRL	2026-09-27	menor entre edições (dtk); bloco exibido R$ 7,35 [2x2] — pool Satoru v1
Gyruda, Doom of Depths	ligamagic	menor	0.95	BRL	2026-09-27	menor entre edições (iko); bloco exibido R$ 0,95 [iko] — pool Satoru v1
Marang River Regent // Coil and Catch	ligamagic	menor	8.74	BRL	2026-09-27	menor entre edições (tdm); bloco exibido R$ 8,74 [tdm] — pool Satoru v1
Agent of Treachery	ligamagic	menor	17.09	BRL	2026-09-27	menor entre edições (m20); bloco exibido R$ 17,09 [m20] — pool Satoru v1
Rune-Scarred Demon	ligamagic	menor	4.08	BRL	2026-09-27	menor entre edições (ima); bloco exibido R$ 4,75 [fdn] — pool Satoru v1
Lord of the Void	ligamagic	menor	24.00	BRL	2026-09-27	menor entre edições (gtc); bloco exibido R$ 36,10 [rvr] — pool Satoru v1
Ancient Brass Dragon	ligamagic	menor	163.95	BRL	2026-09-27	menor entre edições (clb); bloco exibido R$ 163,95 [clb] — pool Satoru v1
Sepulchral Primordial	ligamagic	menor	0.75	BRL	2026-09-27	menor entre edições (gtc); bloco exibido R$ 1,90 [fic] — pool Satoru v1
Meteor Golem	ligamagic	menor	0.04	BRL	2026-09-27	menor entre edições (msc); bloco exibido R$ 0,04 [msc] — pool Satoru v1
Archon of Cruelty	ligamagic	menor	39.90	BRL	2026-09-27	menor entre edições (frc); bloco exibido R$ 39,90 [frc] — pool Satoru v1
Ancient Silver Dragon	ligamagic	menor	263.99	BRL	2026-09-27	menor entre edições (clb); bloco exibido R$ 263,99 [clb] — pool Satoru v1
Palinchron	ligamagic	menor	104.99	BRL	2026-09-27	menor entre edições (ul); bloco exibido R$ 104,99 [ul] — pool Satoru v1
Tetsuko Umezawa, Fugitive	ligamagic	menor	0.20	BRL	2026-09-27	menor entre edições (epfra); bloco exibido R$ 0,20 [epfra] — pool Satoru v1
Whispersilk Cloak	ligamagic	menor	8.97	BRL	2026-09-27	menor entre edições (pvc); bloco exibido R$ 10,00 [msc] — pool Satoru v1
Kaito, Dancing Shadow	ligamagic	menor	1.85	BRL	2026-09-27	menor entre edições (one); bloco exibido R$ 1,85 [one] — pool Satoru v1
Thassa, Deep-Dwelling	ligamagic	menor	63.00	BRL	2026-09-27	menor entre edições (cthb); bloco exibido R$ 63,46 [thb] — pool Satoru v1
Kaito Shizuki	ligamagic	menor	11.89	BRL	2026-09-27	menor entre edições (neo); bloco exibido R$ 11,89 [neo] — Satoru v1 fases 3-5
Starwinder	ligamagic	menor	1.20	BRL	2026-09-27	menor entre edições (eoe); bloco exibido R$ 1,20 [eoe] — Satoru v1 fases 3-5
Grazilaxx, Illithid Scholar	ligamagic	menor	7.24	BRL	2026-09-27	menor entre edições (afr); bloco exibido R$ 13,90 [clb] — Satoru v1 fases 3-5
Chart a Course	ligamagic	menor	0.13	BRL	2026-09-27	menor entre edições (xln); bloco exibido R$ 0,25 [blc] — Satoru v1 fases 3-5
Sphinx of Enlightenment	ligamagic	menor	0.85	BRL	2026-09-27	menor entre edições (blc); bloco exibido R$ 0,97 [j25] — Satoru v1 fases 3-5
Coastal Piracy	ligamagic	menor	4.17	BRL	2026-09-27	menor entre edições (tle); bloco exibido R$ 4,17 [tle] — Satoru v1 fases 3-5
Reliquary Tower	ligamagic	menor	9.49	BRL	2026-09-27	menor entre edições (sfwho); bloco exibido R$ 12,41 [soc] — Satoru v1 fases 3-5
Talisman of Dominance	ligamagic	menor	4.90	BRL	2026-09-27	menor entre edições legais (mi); wcd 4,50 (World Championship Decks, borda dourada) excluída: não vale em torneio; bloco exibido R$ 9,75 [frc] — Satoru v1 fases 3-5
Dimir Signet	ligamagic	menor	2.75	BRL	2026-09-27	menor entre edições (rav); bloco exibido R$ 4,99 [frc] — Satoru v1 fases 3-5
Dimir Keyrune	ligamagic	menor	0.22	BRL	2026-09-27	menor entre edições (gtc); bloco exibido R$ 0,35 [clb] — Satoru v1 fases 3-5
Prosperous Thief	ligamagic	menor	1.25	BRL	2026-09-27	menor entre edições (neo); bloco exibido R$ 2,05 [j25] — Satoru v1 fases 3-5
Peregrine Drake	ligamagic	menor	0.48	BRL	2026-09-27	menor entre edições (ema); bloco exibido R$ 8,70 [mb2] — Satoru v1 fases 3-5
Grim Hireling	ligamagic	menor	86.53	BRL	2026-09-27	menor entre edições (afc); bloco exibido R$ 91,96 [mb2] — Satoru v1 fases 3-5
Crypt Ghast	ligamagic	menor	34.00	BRL	2026-09-27	menor entre edições (gtc); bloco exibido R$ 49,90 [rvr] — Satoru v1 fases 3-5
Nirkana Revenant	ligamagic	menor	24.00	BRL	2026-09-27	menor entre edições (roe); bloco exibido R$ 24,00 [voc] — Satoru v1 fases 3-5
Wayfarer's Bauble	ligamagic	menor	1.00	BRL	2026-09-27	menor entre edições legais (mm2); wcd 0,27 excluída: não vale em torneio; bloco exibido R$ 1,79 [fic] — Satoru v1 fases 3-5
Thought Vessel	ligamagic	menor	9.95	BRL	2026-09-27	menor entre edições (c15); bloco exibido R$ 12,00 [msc] — Satoru v1 fases 3-5
Decanter of Endless Water	ligamagic	menor	13.73	BRL	2026-09-27	menor entre edições (rbclb); bloco exibido R$ 22,83 [mb2] — Satoru v1 fases 3-5
Cloud of Faeries	ligamagic	menor	0.83	BRL	2026-09-27	menor entre edições (dmr); bloco exibido R$ 0,99 [woc] — Satoru v1 fases 3-5
Mind Stone	ligamagic	menor	1.49	BRL	2026-09-27	menor entre edições (ima); bloco exibido R$ 1,99 [soc] — Satoru v1 fases 3-5
Deadly Rollick	ligamagic	menor	114.90	BRL	2026-09-27	menor entre edições (sld287); bloco exibido R$ 152,99 [cmm] — Satoru v1 fases 3-5
Infernal Grasp	ligamagic	menor	2.39	BRL	2026-09-27	menor entre edições (j25); bloco exibido R$ 2,39 [soc] — Satoru v1 fases 3-5
Withering Torment	ligamagic	menor	9.95	BRL	2026-09-27	menor entre edições (msc); bloco exibido R$ 9,95 [msc] — Satoru v1 fases 3-5
Counterspell	ligamagic	menor	7.90	BRL	2026-09-27	menor entre edições legais (mm); cedi 4,45 (International Collectors' Edition) e wcd 8,48 excluídas: não valem em torneio; bloco exibido R$ 14,90 [fdc] — Satoru v1 fases 3-5
Winged Boots	ligamagic	menor	44.40	BRL	2026-09-27	menor entre edições (afc); bloco exibido R$ 49,50 [otc] — Satoru v1 fases 3-5
Silver Shroud Costume	ligamagic	menor	69.99	BRL	2026-09-27	menor entre edições (pip); bloco exibido R$ 69,99 [pip] — Satoru v1 fases 3-5
Siren Stormtamer	ligamagic	menor	2.12	BRL	2026-09-27	menor entre edições (xln); bloco exibido R$ 7,90 [mb2] — Satoru v1 fases 3-5
Scourge of Fleets	ligamagic	menor	1.00	BRL	2026-09-27	menor entre edições (cmr); bloco exibido R$ 1,00 [cmr] — Satoru v1 fases 3-5
Archfiend of Depravity	ligamagic	menor	2.75	BRL	2026-09-27	menor entre edições (frf); bloco exibido R$ 4,49 [fic] — Satoru v1 fases 3-5
Whelming Wave	ligamagic	menor	1.97	BRL	2026-09-27	menor entre edições (bng); bloco exibido R$ 2,00 [cmr] — Satoru v1 fases 3-5
Resculpt	ligamagic	menor	0.49	BRL	2026-09-27	menor entre edições (stx); bloco exibido R$ 0,98 [soc] — Satoru v1 fases 3-5
H.E.R.B.I.E. Scout Unit	ligamagic	menor	0.10	BRL	2026-09-27	menor entre edições (msh); bloco exibido R$ 0,10 [msh] — sobressalente, Satoru v1
Reconnaissance Mission	ligamagic	menor	2.89	BRL	2026-09-27	menor entre edições (msc); bloco exibido R$ 2,89 [msc] — sobressalente, Satoru v1
Hydraulic Helper	ligamagic	menor	0.03	BRL	2026-09-27	menor entre edições (msh); bloco exibido R$ 0,03 [msh] — sobressalente, Satoru v1
Theorix Charm	ligamagic	menor	1.90	BRL	2026-09-27	menor entre edições (fra); bloco exibido R$ 1,90 [fra] — sobressalente, Satoru v1
Into the Roil	ligamagic	menor	0.10	BRL	2026-09-27	menor entre edições (znr); bloco exibido R$ 0,18 [cmr] — sobressalente, Satoru v1
Vraska's Final Mercy	ligamagic	menor	12.98	BRL	2026-09-27	menor entre edições (fra); bloco exibido R$ 12,98 [fra] — sobressalente, Satoru v1
Reasonable Doubt	ligamagic	menor	0.09	BRL	2026-09-27	menor entre edições (mkm); bloco exibido R$ 0,09 [mkm] — sobressalente, Satoru v1
Extended Absence	ligamagic	menor	0.20	BRL	2026-09-27	menor entre edições (fra); bloco exibido R$ 0,20 [fra] — sobressalente, Satoru v1
Negate	ligamagic	menor	0.06	BRL	2026-09-27	página de versões (muitas impressões); menor entre as impressões visíveis — sobressalente, Satoru v1
Sol Ring	ligamagic	menor	7.10	BRL	2026-09-27	menor entre edições legais (msc); bloco exibido R$ 11,83 [frc] — sobressalente, recotada Satoru v1
Bident of Thassa	ligamagic	menor	3.91	BRL	2026-09-27	menor entre edições legais (ths); bloco exibido R$ 5,90 [blc] — sobressalente, recotada Satoru v1
Diversion Unit	ligamagic	menor	0.45	BRL	2026-09-27	menor entre edições legais (dft); bloco exibido R$ 0,45 [dft] — sobressalente, recotada Satoru v1
Pilgrim's Eye	ligamagic	menor	0.03	BRL	2026-09-27	menor entre edições legais (c14); bloco exibido R$ 0,05 [cmm] — sobressalente, recotada Satoru v1
Thirst for Knowledge	ligamagic	menor	0.04	BRL	2026-09-27	menor entre edições legais (cmr); bloco exibido R$ 0,13 [msh] — sobressalente, recotada Satoru v1
Commander's Sphere	ligamagic	menor	0.20	BRL	2026-09-27	menor entre edições legais (c21); bloco exibido R$ 0,50 [ecc] — sobressalente, recotada Satoru v1
Hedron Crawler	ligamagic	menor	0.10	BRL	2026-09-27	menor entre edições legais (ogw); bloco exibido R$ 0,10 [ogw] — sobressalente, recotada Satoru v1
Disruption Protocol	ligamagic	menor	0.20	BRL	2026-09-27	menor entre edições legais (neo); bloco exibido R$ 0,20 [neo] — sobressalente, recotada Satoru v1
Old Fat Spider Can't See Me	ligamagic	menor	0.21	BRL	2026-09-27	menor entre edições legais (hob); bloco exibido R$ 0,21 [hob] — sobressalente, recotada Satoru v1
Arcane Signet	ligamagic	menor	3.99	BRL	2026-09-27	menor entre edições legais (msc); bloco exibido R$ 8,13 [frc] — sobressalente, recotada Satoru v1
Island	ligamagic	menor	0.22	BRL	2026-09-27	página de versões; menor entre as impressões visíveis — Satoru v1
Swamp	ligamagic	menor	0.23	BRL	2026-09-27	página de versões; menor entre as impressões visíveis — Satoru v1
Sunken Hollow	ligamagic	menor	1.95	BRL	2026-09-27	menor entre edições legais (bfz); bloco exibido R$ 2,85 [msc] — terrenos Satoru v1
Morphic Pool	ligamagic	menor	102.73	BRL	2026-09-27	menor entre edições legais (clb); bloco exibido R$ 102,73 [clb] — terrenos Satoru v1
Drowned Catacomb	ligamagic	menor	6.93	BRL	2026-09-27	menor entre edições legais (m12); bloco exibido R$ 10,34 [frc] — terrenos Satoru v1
Access Tunnel	ligamagic	menor	2.00	BRL	2026-09-27	menor entre edições legais (tdc); bloco exibido R$ 2,00 [tdc] — terrenos Satoru v1
Rogue's Passage	ligamagic	menor	2.59	BRL	2026-09-27	menor entre edições legais (cmm); bloco exibido R$ 3,95 [soc] — terrenos Satoru v1
Command Tower	ligamagic	menor	1.65	BRL	2026-09-27	menor entre edições legais (msc); bloco exibido R$ 2,93 [frc] — terrenos Satoru v1
Dimir Guildgate	ligamagic	menor	0.06	BRL	2026-09-27	menor entre edições legais (grn); bloco exibido R$ 0,15 [rvr] — terrenos Satoru v1
Dismal Backwater	ligamagic	menor	0.14	BRL	2026-09-27	menor entre edições legais (ktk); bloco exibido R$ 0,14 [tdm] — terrenos Satoru v1
Sinister Hideout	ligamagic	menor	0.18	BRL	2026-09-27	menor entre edições legais (spm); bloco exibido R$ 0,18 [spm] — terrenos Satoru v1
Theorix Annex	ligamagic	menor	0.48	BRL	2026-09-27	menor entre edições legais (fra); bloco exibido R$ 0,48 [fra] — terrenos Satoru v1
Urborg, Tomb of Yawgmoth	ligamagic	menor	139.90	BRL	2026-09-27	menor entre edições legais (pc); bloco exibido R$ 149,75 [uma] — terrenos Satoru v1
Shipwreck Marsh	ligamagic	menor	12.98	BRL	2026-09-27	menor entre edições legais (fra); bloco exibido R$ 12,98 [fra] — terrenos Satoru v1
Great Whale	ligamagic	menor	52.90	BRL	2026-09-27	menor entre edições legais (us); bloco exibido R$ 52,90 [us] — Satoru v1 ajuste ramp
High Tide	ligamagic	menor	4.00	BRL	2026-09-27	menor entre edições legais (med); bloco exibido R$ 6,00 [dmr] — Satoru v1 ajuste ramp
Gray Merchant of Asphodel	ligamagic	menor	3.87	BRL	2026-09-28	menor entre edições legais (ths); bloco exibido R$ 5,80 [fdc] — Satoru v1 fase 7
Everflowing Chalice	ligamagic	menor	1.00	BRL	2026-09-28	menor entre edições legais (mm2); bloco exibido R$ 2,48 [eoc] — Satoru v1 fase 7
